{
    "currents": {
        "I1": 0.002,
        "R1": 0.001,
        "R2": 0.003,
        "R3": 0.003,
        "V1": -0.0010000000000000005
    },
    "name": "dual_source",
    "node_voltages": {
        "0": 0.0,
        "1": 10.0,
        "2": 9.0,
        "3": 3.0
    },
    "power": {
        "I1": -0.018000000000000002,
        "R1": 0.001,
        "R2": 0.018000000000000002,
        "R3": 0.009000000000000001,
        "V1": -0.010000000000000005
    }
}