{
    "currents": {
        "R1": 0.004,
        "R2": 0.004,
        "V1": -0.004000000000000001
    },
    "name": "voltage_divider",
    "node_voltages": {
        "0": 0.0,
        "1": 12.0,
        "2": 8.0
    },
    "power": {
        "R1": 0.016,
        "R2": 0.032,
        "V1": -0.048000000000000015
    }
}