{
    "currents": {
        "R1": 0.0025113296306002912,
        "R2": 0.002511329630600292,
        "V1": -0.0025113296306002917
    },
    "name": "voltage_divider_sweep_1",
    "node_voltages": {
        "0": 0.0,
        "1": 10.515967870141717,
        "2": 7.18730957330384
    },
    "power": {
        "R1": 0.00835935821099246,
        "R2": 0.018049703495735075,
        "V1": -0.026409061706727535
    }
}