{
    "currents": {
        "R1": 0.0010789282824284713,
        "R2": 0.001078928282428471,
        "V1": -0.0010789282824284713
    },
    "name": "voltage_divider_sweep_2",
    "node_voltages": {
        "0": 0.0,
        "1": 8.844789638205285,
        "2": 4.519787487034784
    },
    "power": {
        "R1": 0.004666367142461832,
        "R2": 0.004876526550328135,
        "V1": -0.009542893692789968
    }
}