{
    "currents": {
        "R1": 0.0006805019079766619,
        "R2": 0.0006805019079766618,
        "V1": -0.0006805019079766618
    },
    "name": "voltage_divider_sweep_4",
    "node_voltages": {
        "0": 0.0,
        "1": 4.83375147432878,
        "2": 3.128245330664525
    },
    "power": {
        "R1": 0.0011606001848294446,
        "R2": 0.0021287769161362925,
        "V1": -0.0032893771009657367
    }
}