{
    "currents": {
        "R1": 0.0008654624168027485,
        "R2": 0.0008654624168027482,
        "V1": -0.0008654624168027484
    },
    "name": "voltage_divider_sweep_3",
    "node_voltages": {
        "0": 0.0,
        "1": 4.60623594604321,
        "2": 1.8490235127459957
    },
    "power": {
        "R1": 0.0023862637361599937,
        "R2": 0.0016002603580662566,
        "V1": -0.00398652409422625
    }
}