{
    "currents": {
        "R1": 0.001416301213116682,
        "R2": 0.0014163012131166819,
        "V1": -0.001416301213116682
    },
    "name": "voltage_divider_sweep_0",
    "node_voltages": {
        "0": 0.0,
        "1": 10.811138137036112,
        "2": 5.026335953218708
    },
    "power": {
        "R1": 0.008193022350580621,
        "R2": 0.00711880570807565,
        "V1": -0.015311828058656272
    }
}