{
    "currents": {
        "R1": 0.0025,
        "R2": 0.0025,
        "R3": 0.0025,
        "R4": 0.0025,
        "R_load": 0.0,
        "V1": -0.005000000000000001
    },
    "name": "wheatstone_bridge",
    "node_voltages": {
        "0": 0.0,
        "1": 5.0,
        "2": 2.5,
        "3": 2.5
    },
    "power": {
        "R1": 0.00625,
        "R2": 0.00625,
        "R3": 0.00625,
        "R4": 0.00625,
        "R_load": 0.0,
        "V1": -0.025000000000000005
    }
}