{
  "circuit_name": "wheatstone_bridge",
  "results": {
    "currents": {
      "R1": 0.0025,
      "R2": 0.0025,
      "R3": 0.0025,
      "R4": 0.0025,
      "R_load": 0.0,
      "V1": -0.005
    },
    "power": {
      "R1": 0.00625,
      "R2": 0.00625,
      "R3": 0.00625,
      "R4": 0.00625,
      "R_load": 0.0,
      "V1": -0.025
    },
    "voltages": {
      "0": 0.0,
      "1": 5.0,
      "2": 2.5,
      "3": 2.5
    }
  }
}
